region_id,work_id,page_triplet_id,jp_source_path,textless_source_path,zh_source_path,jp_source_sha256,textless_source_sha256,zh_source_sha256,bbox_xywh,textless_alignment_transform,registration_quality,candidate_mask_path,candidate_mask_sha256,review_preview_path,candidate_basis,page_role,eligibility,complexity_class,mask_status,protected_structure_status,rejection_reason,reviewer_note
work-003-p001-r01,work-003,90b419ed7080f9e6,(C78) [真珠貝 (武田弘光)] YUITAま (ToLOVEる -とらぶる-) [カラー化]/(C78) [真珠貝 (武田弘光)] YUITAま (ToLOVEる -とらぶる-) [カラー化]/yuitama_06.png,(C78) [真珠貝 (武田弘光)] YUITAま (ToLOVEる -とらぶる-) [カラー化]/(C78) [真珠貝 (武田弘光)] YUITAま (To LOVEる -とらぶる-) [カラー化] [無字]/yuitama_06.jpg,(C78) [真珠貝 (武田弘光)] YUITAま (ToLOVEる -とらぶる-) [カラー化]/(C78) [真珠貝 (武田弘光)] YUITAま (ToLOVEる -とらぶる-) [中国翻訳] [カラー化]/yuitama_06f.jpg,29a48923068f6f666ee9368592394a7eab3e5c6e06c45489ae323db2b56ed3e7,f18a7b754dde512b42b0059f00bc6e4e62bc8cc04e8b42309385d4ece3c5cf93,8c109e836c5ce86877de7c6fa3e1149e971f6bd052c1acbf898989b80fbbade0,"[255, 1332, 170, 231]","[[1.0, -0.0, 0.0], [0.0, 1.0, 0.0]]",high,masks/work-003-p001-r01.png,71a04543717dc81da12d991e0af36e2f690eec7271f806d4433474cf09dffcce,regions/work-003-p001-r01.png,aligned_jp_textless_difference_candidate_not_ground_truth,,pending,,pending,pending,,
work-003-p001-r02,work-003,90b419ed7080f9e6,(C78) [真珠貝 (武田弘光)] YUITAま (ToLOVEる -とらぶる-) [カラー化]/(C78) [真珠貝 (武田弘光)] YUITAま (ToLOVEる -とらぶる-) [カラー化]/yuitama_06.png,(C78) [真珠貝 (武田弘光)] YUITAま (ToLOVEる -とらぶる-) [カラー化]/(C78) [真珠貝 (武田弘光)] YUITAま (To LOVEる -とらぶる-) [カラー化] [無字]/yuitama_06.jpg,(C78) [真珠貝 (武田弘光)] YUITAま (ToLOVEる -とらぶる-) [カラー化]/(C78) [真珠貝 (武田弘光)] YUITAま (ToLOVEる -とらぶる-) [中国翻訳] [カラー化]/yuitama_06f.jpg,29a48923068f6f666ee9368592394a7eab3e5c6e06c45489ae323db2b56ed3e7,f18a7b754dde512b42b0059f00bc6e4e62bc8cc04e8b42309385d4ece3c5cf93,8c109e836c5ce86877de7c6fa3e1149e971f6bd052c1acbf898989b80fbbade0,"[975, 502, 106, 166]","[[1.0, -0.0, 0.0], [0.0, 1.0, 0.0]]",high,masks/work-003-p001-r02.png,d6ef7c81510378d1741bd053cb50e7c66eb7c744ca4dbb60920d775831eb2ffe,regions/work-003-p001-r02.png,aligned_jp_textless_difference_candidate_not_ground_truth,,pending,,pending,pending,,
work-003-p002-r01,work-003,509133941f347e4b,(C78) [真珠貝 (武田弘光)] YUITAま (ToLOVEる -とらぶる-) [カラー化]/(C78) [真珠貝 (武田弘光)] YUITAま (ToLOVEる -とらぶる-) [カラー化]/yuitama_08.png,(C78) [真珠貝 (武田弘光)] YUITAま (ToLOVEる -とらぶる-) [カラー化]/(C78) [真珠貝 (武田弘光)] YUITAま (To LOVEる -とらぶる-) [カラー化] [無字]/yuitama_08.jpg,(C78) [真珠貝 (武田弘光)] YUITAま (ToLOVEる -とらぶる-) [カラー化]/(C78) [真珠貝 (武田弘光)] YUITAま (ToLOVEる -とらぶる-) [中国翻訳] [カラー化]/yuitama_08f.jpg,61f423276f038f7943c1ec7c6d0b85c91f96909dcc9ba69391fa07e7dc7d7023,0cb20121e19ef53988a68e97a95c633b7fbb833815000910f92b3efe723729ef,520734c0c4f71264e8b59a8fbc25ba4e234f5399e6554c0f1d1a392a23dd5046,"[313, 1222, 171, 291]","[[1.0, -0.0, 0.0], [0.0, 1.0, 0.0]]",high,masks/work-003-p002-r01.png,f522e84c195aefe1ceb96cda539f003e58a891761b090b90c9ed81411c17c214,regions/work-003-p002-r01.png,aligned_jp_textless_difference_candidate_not_ground_truth,,pending,,pending,pending,,
work-003-p002-r02,work-003,509133941f347e4b,(C78) [真珠貝 (武田弘光)] YUITAま (ToLOVEる -とらぶる-) [カラー化]/(C78) [真珠貝 (武田弘光)] YUITAま (ToLOVEる -とらぶる-) [カラー化]/yuitama_08.png,(C78) [真珠貝 (武田弘光)] YUITAま (ToLOVEる -とらぶる-) [カラー化]/(C78) [真珠貝 (武田弘光)] YUITAま (To LOVEる -とらぶる-) [カラー化] [無字]/yuitama_08.jpg,(C78) [真珠貝 (武田弘光)] YUITAま (ToLOVEる -とらぶる-) [カラー化]/(C78) [真珠貝 (武田弘光)] YUITAま (ToLOVEる -とらぶる-) [中国翻訳] [カラー化]/yuitama_08f.jpg,61f423276f038f7943c1ec7c6d0b85c91f96909dcc9ba69391fa07e7dc7d7023,0cb20121e19ef53988a68e97a95c633b7fbb833815000910f92b3efe723729ef,520734c0c4f71264e8b59a8fbc25ba4e234f5399e6554c0f1d1a392a23dd5046,"[988, 411, 104, 157]","[[1.0, -0.0, 0.0], [0.0, 1.0, 0.0]]",high,masks/work-003-p002-r02.png,1faf19b8c935e3234907b1ffccdd6265d4180ba3eec7e2109629a662a284b623,regions/work-003-p002-r02.png,aligned_jp_textless_difference_candidate_not_ground_truth,,pending,,pending,pending,,
work-003-p003-r01,work-003,11c0cb6510a78b73,(C78) [真珠貝 (武田弘光)] YUITAま (ToLOVEる -とらぶる-) [カラー化]/(C78) [真珠貝 (武田弘光)] YUITAま (ToLOVEる -とらぶる-) [カラー化]/yuitama_09.png,(C78) [真珠貝 (武田弘光)] YUITAま (ToLOVEる -とらぶる-) [カラー化]/(C78) [真珠貝 (武田弘光)] YUITAま (To LOVEる -とらぶる-) [カラー化] [無字]/yuitama_09.jpg,(C78) [真珠貝 (武田弘光)] YUITAま (ToLOVEる -とらぶる-) [カラー化]/(C78) [真珠貝 (武田弘光)] YUITAま (ToLOVEる -とらぶる-) [中国翻訳] [カラー化]/yuitama_09f.jpg,aa34d4743036c040348c68066bd07b38df4de32d04539bc2193c26ceb9c0c77c,38fab1172e3822fed8278941e7dd5c9d1b9a9d7cba96a9e574610c26742474a3,adc70c9f2e76bb0203046e5d65df922aa593297652298f165ca92936ba66a3ed,"[46, 605, 225, 147]","[[1.0, -0.0, 0.0], [0.0, 1.0, 0.0]]",high,masks/work-003-p003-r01.png,29b61dc0e42e93f4774b8f6f0e95eb82dcdd3d56011c5c5184ce82ae597e2759,regions/work-003-p003-r01.png,aligned_jp_textless_difference_candidate_not_ground_truth,,pending,,pending,pending,,
work-003-p003-r02,work-003,11c0cb6510a78b73,(C78) [真珠貝 (武田弘光)] YUITAま (ToLOVEる -とらぶる-) [カラー化]/(C78) [真珠貝 (武田弘光)] YUITAま (ToLOVEる -とらぶる-) [カラー化]/yuitama_09.png,(C78) [真珠貝 (武田弘光)] YUITAま (ToLOVEる -とらぶる-) [カラー化]/(C78) [真珠貝 (武田弘光)] YUITAま (To LOVEる -とらぶる-) [カラー化] [無字]/yuitama_09.jpg,(C78) [真珠貝 (武田弘光)] YUITAま (ToLOVEる -とらぶる-) [カラー化]/(C78) [真珠貝 (武田弘光)] YUITAま (ToLOVEる -とらぶる-) [中国翻訳] [カラー化]/yuitama_09f.jpg,aa34d4743036c040348c68066bd07b38df4de32d04539bc2193c26ceb9c0c77c,38fab1172e3822fed8278941e7dd5c9d1b9a9d7cba96a9e574610c26742474a3,adc70c9f2e76bb0203046e5d65df922aa593297652298f165ca92936ba66a3ed,"[55, 857, 162, 105]","[[1.0, -0.0, 0.0], [0.0, 1.0, 0.0]]",high,masks/work-003-p003-r02.png,e74e091f1d1e7089e9633e4e98bfd9345a042e7bcf46981db7be55c5d8967693,regions/work-003-p003-r02.png,aligned_jp_textless_difference_candidate_not_ground_truth,,pending,,pending,pending,,
work-003-p004-r01,work-003,785f37666905480b,(C78) [真珠貝 (武田弘光)] YUITAま (ToLOVEる -とらぶる-) [カラー化]/(C78) [真珠貝 (武田弘光)] YUITAま (ToLOVEる -とらぶる-) [カラー化]/yuitama_12.png,(C78) [真珠貝 (武田弘光)] YUITAま (ToLOVEる -とらぶる-) [カラー化]/(C78) [真珠貝 (武田弘光)] YUITAま (To LOVEる -とらぶる-) [カラー化] [無字]/yuitama_12.jpg,(C78) [真珠貝 (武田弘光)] YUITAま (ToLOVEる -とらぶる-) [カラー化]/(C78) [真珠貝 (武田弘光)] YUITAま (ToLOVEる -とらぶる-) [中国翻訳] [カラー化]/yuitama_12f.jpg,691b49d1548345596dba228c843422fe894fbf05b0a8f39d0805963caaec15d1,ac1a800f94ca61a1d5741b8e8898c88f6475405c6f111546ac25a9458e18a8bb,d8498fa40778fcbc2707737edb073685a3039d7d4c6d851b99d61dea96a8193e,"[559, 87, 177, 332]","[[1.0, -0.0, 0.0], [0.0, 1.0, 0.0]]",high,masks/work-003-p004-r01.png,7d77fed8b01636fac37feaeec4a99cea52fe8a37fb708c8aba3662d1dde74452,regions/work-003-p004-r01.png,aligned_jp_textless_difference_candidate_not_ground_truth,,pending,,pending,pending,,
work-003-p004-r02,work-003,785f37666905480b,(C78) [真珠貝 (武田弘光)] YUITAま (ToLOVEる -とらぶる-) [カラー化]/(C78) [真珠貝 (武田弘光)] YUITAま (ToLOVEる -とらぶる-) [カラー化]/yuitama_12.png,(C78) [真珠貝 (武田弘光)] YUITAま (ToLOVEる -とらぶる-) [カラー化]/(C78) [真珠貝 (武田弘光)] YUITAま (To LOVEる -とらぶる-) [カラー化] [無字]/yuitama_12.jpg,(C78) [真珠貝 (武田弘光)] YUITAま (ToLOVEる -とらぶる-) [カラー化]/(C78) [真珠貝 (武田弘光)] YUITAま (ToLOVEる -とらぶる-) [中国翻訳] [カラー化]/yuitama_12f.jpg,691b49d1548345596dba228c843422fe894fbf05b0a8f39d0805963caaec15d1,ac1a800f94ca61a1d5741b8e8898c88f6475405c6f111546ac25a9458e18a8bb,d8498fa40778fcbc2707737edb073685a3039d7d4c6d851b99d61dea96a8193e,"[796, 583, 116, 153]","[[1.0, -0.0, 0.0], [0.0, 1.0, 0.0]]",high,masks/work-003-p004-r02.png,b5748562bd965266d58ef9688ef378c95e18fb86eee0efcd1c2a180a4c0aec17,regions/work-003-p004-r02.png,aligned_jp_textless_difference_candidate_not_ground_truth,,pending,,pending,pending,,
work-003-p005-r01,work-003,dd6fbfef40ea4f99,(C78) [真珠貝 (武田弘光)] YUITAま (ToLOVEる -とらぶる-) [カラー化]/(C78) [真珠貝 (武田弘光)] YUITAま (ToLOVEる -とらぶる-) [カラー化]/yuitama_13.png,(C78) [真珠貝 (武田弘光)] YUITAま (ToLOVEる -とらぶる-) [カラー化]/(C78) [真珠貝 (武田弘光)] YUITAま (To LOVEる -とらぶる-) [カラー化] [無字]/yuitama_13.jpg,(C78) [真珠貝 (武田弘光)] YUITAま (ToLOVEる -とらぶる-) [カラー化]/(C78) [真珠貝 (武田弘光)] YUITAま (ToLOVEる -とらぶる-) [中国翻訳] [カラー化]/yuitama_13f.jpg,98c40729f560226c7e030cdd333249ab0481b378e1316461fb658e8747a573eb,d08d377bc28593e250d6c8fdbe475993681bd2be8475f791d623a8adcef180cd,4c16f7b9ba376f00d26e3f9048867f1823df4d85a17f7429548f024879be246f,"[894, 404, 116, 331]","[[1.0, -0.0, 0.0], [0.0, 1.0, 0.0]]",high,masks/work-003-p005-r01.png,86a8cf1c0a2907624933a4a8b7c3608bf87a795643150b3ff7993cb3edbfa65e,regions/work-003-p005-r01.png,aligned_jp_textless_difference_candidate_not_ground_truth,,pending,,pending,pending,,
work-003-p005-r02,work-003,dd6fbfef40ea4f99,(C78) [真珠貝 (武田弘光)] YUITAま (ToLOVEる -とらぶる-) [カラー化]/(C78) [真珠貝 (武田弘光)] YUITAま (ToLOVEる -とらぶる-) [カラー化]/yuitama_13.png,(C78) [真珠貝 (武田弘光)] YUITAま (ToLOVEる -とらぶる-) [カラー化]/(C78) [真珠貝 (武田弘光)] YUITAま (To LOVEる -とらぶる-) [カラー化] [無字]/yuitama_13.jpg,(C78) [真珠貝 (武田弘光)] YUITAま (ToLOVEる -とらぶる-) [カラー化]/(C78) [真珠貝 (武田弘光)] YUITAま (ToLOVEる -とらぶる-) [中国翻訳] [カラー化]/yuitama_13f.jpg,98c40729f560226c7e030cdd333249ab0481b378e1316461fb658e8747a573eb,d08d377bc28593e250d6c8fdbe475993681bd2be8475f791d623a8adcef180cd,4c16f7b9ba376f00d26e3f9048867f1823df4d85a17f7429548f024879be246f,"[497, 14, 108, 180]","[[1.0, -0.0, 0.0], [0.0, 1.0, 0.0]]",high,masks/work-003-p005-r02.png,d17e4a6c857f3c14b093565341640d0772e36835e5e4e42744ba61861efe80ef,regions/work-003-p005-r02.png,aligned_jp_textless_difference_candidate_not_ground_truth,,pending,,pending,pending,,
work-003-p006-r01,work-003,f7cadb82161da6ad,(C78) [真珠貝 (武田弘光)] YUITAま (ToLOVEる -とらぶる-) [カラー化]/(C78) [真珠貝 (武田弘光)] YUITAま (ToLOVEる -とらぶる-) [カラー化]/yuitama_14.png,(C78) [真珠貝 (武田弘光)] YUITAま (ToLOVEる -とらぶる-) [カラー化]/(C78) [真珠貝 (武田弘光)] YUITAま (To LOVEる -とらぶる-) [カラー化] [無字]/yuitama_14.jpg,(C78) [真珠貝 (武田弘光)] YUITAま (ToLOVEる -とらぶる-) [カラー化]/(C78) [真珠貝 (武田弘光)] YUITAま (ToLOVEる -とらぶる-) [中国翻訳] [カラー化]/yuitama_14f.jpg,ec94f6e537bea4ee9759603dcb00351e4b12be0bba6a27edacd6816e1379c518,8c2542819f49c9a2569194f06e3e9a6354ea88bf3a26760d52602341b24ddd29,43c7a9c9d312dd88e60ffe21614fb1483b876cec873d1f3a2abeb032bc62eeb8,"[88, 32, 189, 317]","[[1.0, -0.0, 0.0], [0.0, 1.0, 0.0]]",high,masks/work-003-p006-r01.png,b58800725495dfc05d20f66204480ca481002f6459c5f09c2eae1684a0158b6b,regions/work-003-p006-r01.png,aligned_jp_textless_difference_candidate_not_ground_truth,,pending,,pending,pending,,
work-003-p006-r02,work-003,f7cadb82161da6ad,(C78) [真珠貝 (武田弘光)] YUITAま (ToLOVEる -とらぶる-) [カラー化]/(C78) [真珠貝 (武田弘光)] YUITAま (ToLOVEる -とらぶる-) [カラー化]/yuitama_14.png,(C78) [真珠貝 (武田弘光)] YUITAま (ToLOVEる -とらぶる-) [カラー化]/(C78) [真珠貝 (武田弘光)] YUITAま (To LOVEる -とらぶる-) [カラー化] [無字]/yuitama_14.jpg,(C78) [真珠貝 (武田弘光)] YUITAま (ToLOVEる -とらぶる-) [カラー化]/(C78) [真珠貝 (武田弘光)] YUITAま (ToLOVEる -とらぶる-) [中国翻訳] [カラー化]/yuitama_14f.jpg,ec94f6e537bea4ee9759603dcb00351e4b12be0bba6a27edacd6816e1379c518,8c2542819f49c9a2569194f06e3e9a6354ea88bf3a26760d52602341b24ddd29,43c7a9c9d312dd88e60ffe21614fb1483b876cec873d1f3a2abeb032bc62eeb8,"[994, 1139, 120, 174]","[[1.0, -0.0, 0.0], [0.0, 1.0, 0.0]]",high,masks/work-003-p006-r02.png,8af25069a4e8ee987f343fb8e16c6406eae86b43abfd8aed757cbaadb0f3e604,regions/work-003-p006-r02.png,aligned_jp_textless_difference_candidate_not_ground_truth,,pending,,pending,pending,,
work-003-p007-r01,work-003,195a6a3431fee0ca,(C78) [真珠貝 (武田弘光)] YUITAま (ToLOVEる -とらぶる-) [カラー化]/(C78) [真珠貝 (武田弘光)] YUITAま (ToLOVEる -とらぶる-) [カラー化]/yuitama_29.png,(C78) [真珠貝 (武田弘光)] YUITAま (ToLOVEる -とらぶる-) [カラー化]/(C78) [真珠貝 (武田弘光)] YUITAま (To LOVEる -とらぶる-) [カラー化] [無字]/yuitama_29.jpg,(C78) [真珠貝 (武田弘光)] YUITAま (ToLOVEる -とらぶる-) [カラー化]/(C78) [真珠貝 (武田弘光)] YUITAま (ToLOVEる -とらぶる-) [中国翻訳] [カラー化]/yuitama_29f.jpg,fcc2845398080f7d14a0648b8cc463269d5f5f22c3ca4c12cca223b009cbb26c,686420a5d2ae5befc526c269b00814195b8860432b12f8415082c6157eb1c56d,7ea364a73ad03c78e73f57553aa0bef66294a1caefc17944b6955208fa8b795d,"[73, 66, 116, 357]","[[1.00002093, 5.97e-06, -0.01448346], [-5.97e-06, 1.00002093, -0.0027889]]",high,masks/work-003-p007-r01.png,f8f3df324fadbb52dcb910a9d8918c23157e3ef3b2e3f2db1abdc29d0da05c7a,regions/work-003-p007-r01.png,aligned_jp_textless_difference_candidate_not_ground_truth,,pending,,pending,pending,,
work-003-p007-r02,work-003,195a6a3431fee0ca,(C78) [真珠貝 (武田弘光)] YUITAま (ToLOVEる -とらぶる-) [カラー化]/(C78) [真珠貝 (武田弘光)] YUITAま (ToLOVEる -とらぶる-) [カラー化]/yuitama_29.png,(C78) [真珠貝 (武田弘光)] YUITAま (ToLOVEる -とらぶる-) [カラー化]/(C78) [真珠貝 (武田弘光)] YUITAま (To LOVEる -とらぶる-) [カラー化] [無字]/yuitama_29.jpg,(C78) [真珠貝 (武田弘光)] YUITAま (ToLOVEる -とらぶる-) [カラー化]/(C78) [真珠貝 (武田弘光)] YUITAま (ToLOVEる -とらぶる-) [中国翻訳] [カラー化]/yuitama_29f.jpg,fcc2845398080f7d14a0648b8cc463269d5f5f22c3ca4c12cca223b009cbb26c,686420a5d2ae5befc526c269b00814195b8860432b12f8415082c6157eb1c56d,7ea364a73ad03c78e73f57553aa0bef66294a1caefc17944b6955208fa8b795d,"[863, 75, 112, 202]","[[1.00002093, 5.97e-06, -0.01448346], [-5.97e-06, 1.00002093, -0.0027889]]",high,masks/work-003-p007-r02.png,e9e8f8646a81a1c0f80a138ecb20bb648a6ffb5ad689bafe8b4b8219ca83116f,regions/work-003-p007-r02.png,aligned_jp_textless_difference_candidate_not_ground_truth,,pending,,pending,pending,,
work-003-p008-r01,work-003,89596bd2047377c2,(C78) [真珠貝 (武田弘光)] YUITAま (ToLOVEる -とらぶる-) [カラー化]/(C78) [真珠貝 (武田弘光)] YUITAま (ToLOVEる -とらぶる-) [カラー化]/yuitama_31.png,(C78) [真珠貝 (武田弘光)] YUITAま (ToLOVEる -とらぶる-) [カラー化]/(C78) [真珠貝 (武田弘光)] YUITAま (To LOVEる -とらぶる-) [カラー化] [無字]/yuitama_31.jpg,(C78) [真珠貝 (武田弘光)] YUITAま (ToLOVEる -とらぶる-) [カラー化]/(C78) [真珠貝 (武田弘光)] YUITAま (ToLOVEる -とらぶる-) [中国翻訳] [カラー化]/yuitama_31f.jpg,d7f53daae10b345c31016ee5308e5634bb3e73e9dc78abb01acd8dc7821e85f9,e19ca169872a75011359b6ba491651c3e796bb5d86cc0efd0dfd2ee631de5846,a29a18f3c35ad1302b1ab08f72f8955f27d3d10aa12d8622e91cae776a0e9a84,"[266, 1169, 218, 423]","[[1.0, -0.0, 0.0], [0.0, 1.0, 0.0]]",high,masks/work-003-p008-r01.png,256334006e71ca20f2f338d8dbddbec19fde9d41454e8709b4cca239629afed8,regions/work-003-p008-r01.png,aligned_jp_textless_difference_candidate_not_ground_truth,,pending,,pending,pending,,
work-003-p008-r02,work-003,89596bd2047377c2,(C78) [真珠貝 (武田弘光)] YUITAま (ToLOVEる -とらぶる-) [カラー化]/(C78) [真珠貝 (武田弘光)] YUITAま (ToLOVEる -とらぶる-) [カラー化]/yuitama_31.png,(C78) [真珠貝 (武田弘光)] YUITAま (ToLOVEる -とらぶる-) [カラー化]/(C78) [真珠貝 (武田弘光)] YUITAま (To LOVEる -とらぶる-) [カラー化] [無字]/yuitama_31.jpg,(C78) [真珠貝 (武田弘光)] YUITAま (ToLOVEる -とらぶる-) [カラー化]/(C78) [真珠貝 (武田弘光)] YUITAま (ToLOVEる -とらぶる-) [中国翻訳] [カラー化]/yuitama_31f.jpg,d7f53daae10b345c31016ee5308e5634bb3e73e9dc78abb01acd8dc7821e85f9,e19ca169872a75011359b6ba491651c3e796bb5d86cc0efd0dfd2ee631de5846,a29a18f3c35ad1302b1ab08f72f8955f27d3d10aa12d8622e91cae776a0e9a84,"[79, 1282, 133, 131]","[[1.0, -0.0, 0.0], [0.0, 1.0, 0.0]]",high,masks/work-003-p008-r02.png,d99e6ba0e855cbb2685aa87be65171b96c7be7b16c16580c85e10d067603bb96,regions/work-003-p008-r02.png,aligned_jp_textless_difference_candidate_not_ground_truth,,pending,,pending,pending,,
work-003-p009-r01,work-003,2399e0ce146d4915,(C78) [真珠貝 (武田弘光)] YUITAま (ToLOVEる -とらぶる-) [カラー化]/(C78) [真珠貝 (武田弘光)] YUITAま (ToLOVEる -とらぶる-) [カラー化]/yuitama_32.png,(C78) [真珠貝 (武田弘光)] YUITAま (ToLOVEる -とらぶる-) [カラー化]/(C78) [真珠貝 (武田弘光)] YUITAま (To LOVEる -とらぶる-) [カラー化] [無字]/yuitama_32.jpg,(C78) [真珠貝 (武田弘光)] YUITAま (ToLOVEる -とらぶる-) [カラー化]/(C78) [真珠貝 (武田弘光)] YUITAま (ToLOVEる -とらぶる-) [中国翻訳] [カラー化]/yuitama_32f.jpg,ec7dbdba354b38544e9d930b07b6f6bdde4ceb334557683acddd9807e2796970,b0b55727bc767cc71ca37987b7ad971c9c72ded3f000e048fea0e4e93dc5d687,76b2169b9742d3b34b01b7ebee3a788643a61d8ed235a92ac8d2709012972389,"[85, 1272, 246, 328]","[[1.00001403, 6.08e-06, -0.01691247], [-6.08e-06, 1.00001403, 0.00121061]]",high,masks/work-003-p009-r01.png,0dfeae9319afdccae7309346f9b4a0db9483d7d68fc04dcbb7c487cffdebdd03,regions/work-003-p009-r01.png,aligned_jp_textless_difference_candidate_not_ground_truth,,pending,,pending,pending,,
work-003-p009-r02,work-003,2399e0ce146d4915,(C78) [真珠貝 (武田弘光)] YUITAま (ToLOVEる -とらぶる-) [カラー化]/(C78) [真珠貝 (武田弘光)] YUITAま (ToLOVEる -とらぶる-) [カラー化]/yuitama_32.png,(C78) [真珠貝 (武田弘光)] YUITAま (ToLOVEる -とらぶる-) [カラー化]/(C78) [真珠貝 (武田弘光)] YUITAま (To LOVEる -とらぶる-) [カラー化] [無字]/yuitama_32.jpg,(C78) [真珠貝 (武田弘光)] YUITAま (ToLOVEる -とらぶる-) [カラー化]/(C78) [真珠貝 (武田弘光)] YUITAま (ToLOVEる -とらぶる-) [中国翻訳] [カラー化]/yuitama_32f.jpg,ec7dbdba354b38544e9d930b07b6f6bdde4ceb334557683acddd9807e2796970,b0b55727bc767cc71ca37987b7ad971c9c72ded3f000e048fea0e4e93dc5d687,76b2169b9742d3b34b01b7ebee3a788643a61d8ed235a92ac8d2709012972389,"[514, 17, 119, 214]","[[1.00001403, 6.08e-06, -0.01691247], [-6.08e-06, 1.00001403, 0.00121061]]",high,masks/work-003-p009-r02.png,efa0a55c9e8b9acf653e229e1619cd6f5f815feee6889baa051092bd53f4b930,regions/work-003-p009-r02.png,aligned_jp_textless_difference_candidate_not_ground_truth,,pending,,pending,pending,,
work-003-p010-r01,work-003,1b3daf21968f6b51,(C78) [真珠貝 (武田弘光)] YUITAま (ToLOVEる -とらぶる-) [カラー化]/(C78) [真珠貝 (武田弘光)] YUITAま (ToLOVEる -とらぶる-) [カラー化]/yuitama_36.png,(C78) [真珠貝 (武田弘光)] YUITAま (ToLOVEる -とらぶる-) [カラー化]/(C78) [真珠貝 (武田弘光)] YUITAま (To LOVEる -とらぶる-) [カラー化] [無字]/yuitama_36.jpg,(C78) [真珠貝 (武田弘光)] YUITAま (ToLOVEる -とらぶる-) [カラー化]/(C78) [真珠貝 (武田弘光)] YUITAま (ToLOVEる -とらぶる-) [中国翻訳] [カラー化]/yuitama_36f.jpg,8167f6796d29772be72172a747f0a29d281912e0030ec86b261ad34a5a3f7c42,161520e1720c090b064e8950afc5b8780090ffff83e5183200d6d5a49b3624ae,ee1d613322967aeae60b95951dae443f6252867cc4eb70b9b29edaa5922b2996,"[131, 901, 207, 323]","[[0.99999203, 6.67e-06, -0.00419739], [-6.67e-06, 0.99999203, 0.01395225]]",high,masks/work-003-p010-r01.png,492c04e90ee8c3e6b30e7cbb9f53c0f054990c7f841e1afd2ecb15cc8ba4da07,regions/work-003-p010-r01.png,aligned_jp_textless_difference_candidate_not_ground_truth,,pending,,pending,pending,,
work-003-p010-r02,work-003,1b3daf21968f6b51,(C78) [真珠貝 (武田弘光)] YUITAま (ToLOVEる -とらぶる-) [カラー化]/(C78) [真珠貝 (武田弘光)] YUITAま (ToLOVEる -とらぶる-) [カラー化]/yuitama_36.png,(C78) [真珠貝 (武田弘光)] YUITAま (ToLOVEる -とらぶる-) [カラー化]/(C78) [真珠貝 (武田弘光)] YUITAま (To LOVEる -とらぶる-) [カラー化] [無字]/yuitama_36.jpg,(C78) [真珠貝 (武田弘光)] YUITAま (ToLOVEる -とらぶる-) [カラー化]/(C78) [真珠貝 (武田弘光)] YUITAま (ToLOVEる -とらぶる-) [中国翻訳] [カラー化]/yuitama_36f.jpg,8167f6796d29772be72172a747f0a29d281912e0030ec86b261ad34a5a3f7c42,161520e1720c090b064e8950afc5b8780090ffff83e5183200d6d5a49b3624ae,ee1d613322967aeae60b95951dae443f6252867cc4eb70b9b29edaa5922b2996,"[470, 470, 132, 181]","[[0.99999203, 6.67e-06, -0.00419739], [-6.67e-06, 0.99999203, 0.01395225]]",high,masks/work-003-p010-r02.png,13922bb981a39ab4e6b04a4a8fed3b552acb480e80afce9458a620ce57f5ddd5,regions/work-003-p010-r02.png,aligned_jp_textless_difference_candidate_not_ground_truth,,pending,,pending,pending,,
work-003-p011-r01,work-003,80f14e2ebe472b40,(C78) [真珠貝 (武田弘光)] YUITAま (ToLOVEる -とらぶる-) [カラー化]/(C78) [真珠貝 (武田弘光)] YUITAま (ToLOVEる -とらぶる-) [カラー化]/yuitama_37.png,(C78) [真珠貝 (武田弘光)] YUITAま (ToLOVEる -とらぶる-) [カラー化]/(C78) [真珠貝 (武田弘光)] YUITAま (To LOVEる -とらぶる-) [カラー化] [無字]/yuitama_37.jpg,(C78) [真珠貝 (武田弘光)] YUITAま (ToLOVEる -とらぶる-) [カラー化]/(C78) [真珠貝 (武田弘光)] YUITAま (ToLOVEる -とらぶる-) [中国翻訳] [カラー化]/yuitama_37f.jpg,99fa08f3c279971f1aa2c2ffeb6e7108caa77c665b095467a73a57ae7ccb76f6,7690639589604bc3df29617987f88908c3e635e60db89115bbbe2807de6f4063,77ebd0e3cb834c4e12897fbe08dd26743cf8c1b22d6cf0299cbd6fb5638613c3,"[730, 0, 236, 345]","[[0.99999618, -4.84e-06, 0.00061255], [4.84e-06, 0.99999618, 0.00290719]]",high,masks/work-003-p011-r01.png,bdf894676cdb76910c6537cde7e43fb051ce276ee836482789acda86eda47ae8,regions/work-003-p011-r01.png,aligned_jp_textless_difference_candidate_not_ground_truth,,pending,,pending,pending,,
work-003-p011-r02,work-003,80f14e2ebe472b40,(C78) [真珠貝 (武田弘光)] YUITAま (ToLOVEる -とらぶる-) [カラー化]/(C78) [真珠貝 (武田弘光)] YUITAま (ToLOVEる -とらぶる-) [カラー化]/yuitama_37.png,(C78) [真珠貝 (武田弘光)] YUITAま (ToLOVEる -とらぶる-) [カラー化]/(C78) [真珠貝 (武田弘光)] YUITAま (To LOVEる -とらぶる-) [カラー化] [無字]/yuitama_37.jpg,(C78) [真珠貝 (武田弘光)] YUITAま (ToLOVEる -とらぶる-) [カラー化]/(C78) [真珠貝 (武田弘光)] YUITAま (ToLOVEる -とらぶる-) [中国翻訳] [カラー化]/yuitama_37f.jpg,99fa08f3c279971f1aa2c2ffeb6e7108caa77c665b095467a73a57ae7ccb76f6,7690639589604bc3df29617987f88908c3e635e60db89115bbbe2807de6f4063,77ebd0e3cb834c4e12897fbe08dd26743cf8c1b22d6cf0299cbd6fb5638613c3,"[653, 74, 132, 293]","[[0.99999618, -4.84e-06, 0.00061255], [4.84e-06, 0.99999618, 0.00290719]]",high,masks/work-003-p011-r02.png,4d05ed85479cf9535a6d7f6aea16f0461ac436c6d3c6b1182272d3f383a86c14,regions/work-003-p011-r02.png,aligned_jp_textless_difference_candidate_not_ground_truth,,pending,,pending,pending,,
work-003-p012-r01,work-003,dc6c2e2745542d59,(C78) [真珠貝 (武田弘光)] YUITAま (ToLOVEる -とらぶる-) [カラー化]/(C78) [真珠貝 (武田弘光)] YUITAま (ToLOVEる -とらぶる-) [カラー化]/yuitama_38.png,(C78) [真珠貝 (武田弘光)] YUITAま (ToLOVEる -とらぶる-) [カラー化]/(C78) [真珠貝 (武田弘光)] YUITAま (To LOVEる -とらぶる-) [カラー化] [無字]/yuitama_38.jpg,(C78) [真珠貝 (武田弘光)] YUITAま (ToLOVEる -とらぶる-) [カラー化]/(C78) [真珠貝 (武田弘光)] YUITAま (ToLOVEる -とらぶる-) [中国翻訳] [カラー化]/yuitama_38f.jpg,06d019b50cd332762cf64fcab9561904c614fea3ad521133c47abca993ef9f2b,2f16007e094b2f5566f4bcc22f1055285bbf1d07e2be560094feb94d9d6f99ea,fe81f6c6063914c9603fd05bf33abfba2ab6a3feb71bb91a8c8808c0f5b9c014,"[67, 946, 202, 297]","[[1.0, -0.0, 0.0], [0.0, 1.0, 0.0]]",high,masks/work-003-p012-r01.png,130917c20e887c612fab238852e077d50bc0bfe30df16e75da9be662757f030f,regions/work-003-p012-r01.png,aligned_jp_textless_difference_candidate_not_ground_truth,,pending,,pending,pending,,
work-003-p012-r02,work-003,dc6c2e2745542d59,(C78) [真珠貝 (武田弘光)] YUITAま (ToLOVEる -とらぶる-) [カラー化]/(C78) [真珠貝 (武田弘光)] YUITAま (ToLOVEる -とらぶる-) [カラー化]/yuitama_38.png,(C78) [真珠貝 (武田弘光)] YUITAま (ToLOVEる -とらぶる-) [カラー化]/(C78) [真珠貝 (武田弘光)] YUITAま (To LOVEる -とらぶる-) [カラー化] [無字]/yuitama_38.jpg,(C78) [真珠貝 (武田弘光)] YUITAま (ToLOVEる -とらぶる-) [カラー化]/(C78) [真珠貝 (武田弘光)] YUITAま (ToLOVEる -とらぶる-) [中国翻訳] [カラー化]/yuitama_38f.jpg,06d019b50cd332762cf64fcab9561904c614fea3ad521133c47abca993ef9f2b,2f16007e094b2f5566f4bcc22f1055285bbf1d07e2be560094feb94d9d6f99ea,fe81f6c6063914c9603fd05bf33abfba2ab6a3feb71bb91a8c8808c0f5b9c014,"[954, 526, 124, 186]","[[1.0, -0.0, 0.0], [0.0, 1.0, 0.0]]",high,masks/work-003-p012-r02.png,c4ca183cdf10b0bcd7e2d60c4f05acc457bebae116b5be61bb47106cd9720e3b,regions/work-003-p012-r02.png,aligned_jp_textless_difference_candidate_not_ground_truth,,pending,,pending,pending,,
work-004-p013-r01,work-004,ad94b14125255a69,(C80) [蒼空市場 (蒼)] 東奔西走ブレイカー (東方Project)/(C80) [蒼空市場 (蒼)] 東奔西走ブレイカー (東方Project)/_008.jpg,(C80) [蒼空市場 (蒼)] 東奔西走ブレイカー (東方Project)/(C80) [蒼空市場 (蒼)] 東奔西走ブレイカー (東方Project) [無字]/_008.jpg,(C80) [蒼空市場 (蒼)] 東奔西走ブレイカー (東方Project)/(C80) [蒼空市場 (蒼)] 東奔西走ブレイカー (東方Project) [中国翻訳]/008.jpg,7da70d2e551a216977eac2084354521d578cb1fc04cf1969b785a1fc61d45969,51a825751311a562a3d4973c0f8f63c281ce30575e2562c857b6a40b33d9fc57,fb73f80320bde76923ec7ac1fd37ab39bae3178784f0f4f93d15a932d0a5cf65,"[863, 1612, 543, 388]","[[0.9999962, -3.41e-06, 0.01058428], [3.41e-06, 0.9999962, -8.963e-05]]",high,masks/work-004-p013-r01.png,82c0c27c2f50d5614ea7b3d9fb780309d75ee57814fdb7bc5622b738b7a94e56,regions/work-004-p013-r01.png,aligned_jp_textless_difference_candidate_not_ground_truth,,pending,,pending,pending,,
work-004-p013-r02,work-004,ad94b14125255a69,(C80) [蒼空市場 (蒼)] 東奔西走ブレイカー (東方Project)/(C80) [蒼空市場 (蒼)] 東奔西走ブレイカー (東方Project)/_008.jpg,(C80) [蒼空市場 (蒼)] 東奔西走ブレイカー (東方Project)/(C80) [蒼空市場 (蒼)] 東奔西走ブレイカー (東方Project) [無字]/_008.jpg,(C80) [蒼空市場 (蒼)] 東奔西走ブレイカー (東方Project)/(C80) [蒼空市場 (蒼)] 東奔西走ブレイカー (東方Project) [中国翻訳]/008.jpg,7da70d2e551a216977eac2084354521d578cb1fc04cf1969b785a1fc61d45969,51a825751311a562a3d4973c0f8f63c281ce30575e2562c857b6a40b33d9fc57,fb73f80320bde76923ec7ac1fd37ab39bae3178784f0f4f93d15a932d0a5cf65,"[455, 364, 103, 105]","[[0.9999962, -3.41e-06, 0.01058428], [3.41e-06, 0.9999962, -8.963e-05]]",high,masks/work-004-p013-r02.png,e59f15bb6f31841114641a130de391e214767ae91ce2431499aed3c73c9fe5be,regions/work-004-p013-r02.png,aligned_jp_textless_difference_candidate_not_ground_truth,,pending,,pending,pending,,
work-004-p014-r01,work-004,bafc48c0dec0f531,(C80) [蒼空市場 (蒼)] 東奔西走ブレイカー (東方Project)/(C80) [蒼空市場 (蒼)] 東奔西走ブレイカー (東方Project)/_014.jpg,(C80) [蒼空市場 (蒼)] 東奔西走ブレイカー (東方Project)/(C80) [蒼空市場 (蒼)] 東奔西走ブレイカー (東方Project) [無字]/_014.jpg,(C80) [蒼空市場 (蒼)] 東奔西走ブレイカー (東方Project)/(C80) [蒼空市場 (蒼)] 東奔西走ブレイカー (東方Project) [中国翻訳]/014.jpg,6bde349f4df7b532a421ea731cf8f418baba90479b4e0de602b1f73d4b02238f,d7676ee917e0bfcd66514552c547ad609c6b35cfcd3d543be38d94944c6a23cb,866c53115e01bb8e954fab8f9e61d46f0607624896a8f0da0f460c6727e503f2,"[72, 0, 1334, 1019]","[[1.00000604, 5.21e-06, -0.01102763], [-5.21e-06, 1.00000604, 0.00130068]]",high,masks/work-004-p014-r01.png,ffe608cc9c9aa8b089a6b80d01a1ed09eb8995d3e21129f7e9261ec41bd0eabb,regions/work-004-p014-r01.png,aligned_jp_textless_difference_candidate_not_ground_truth,,pending,,pending,pending,,
work-004-p014-r02,work-004,bafc48c0dec0f531,(C80) [蒼空市場 (蒼)] 東奔西走ブレイカー (東方Project)/(C80) [蒼空市場 (蒼)] 東奔西走ブレイカー (東方Project)/_014.jpg,(C80) [蒼空市場 (蒼)] 東奔西走ブレイカー (東方Project)/(C80) [蒼空市場 (蒼)] 東奔西走ブレイカー (東方Project) [無字]/_014.jpg,(C80) [蒼空市場 (蒼)] 東奔西走ブレイカー (東方Project)/(C80) [蒼空市場 (蒼)] 東奔西走ブレイカー (東方Project) [中国翻訳]/014.jpg,6bde349f4df7b532a421ea731cf8f418baba90479b4e0de602b1f73d4b02238f,d7676ee917e0bfcd66514552c547ad609c6b35cfcd3d543be38d94944c6a23cb,866c53115e01bb8e954fab8f9e61d46f0607624896a8f0da0f460c6727e503f2,"[867, 1395, 117, 132]","[[1.00000604, 5.21e-06, -0.01102763], [-5.21e-06, 1.00000604, 0.00130068]]",high,masks/work-004-p014-r02.png,25c5e8fb4464ccb33f646f30654ccbcb56173723584a0db2ab8da51a4550286f,regions/work-004-p014-r02.png,aligned_jp_textless_difference_candidate_not_ground_truth,,pending,,pending,pending,,
work-004-p015-r01,work-004,8f9e6100a1737338,(C80) [蒼空市場 (蒼)] 東奔西走ブレイカー (東方Project)/(C80) [蒼空市場 (蒼)] 東奔西走ブレイカー (東方Project)/_016.jpg,(C80) [蒼空市場 (蒼)] 東奔西走ブレイカー (東方Project)/(C80) [蒼空市場 (蒼)] 東奔西走ブレイカー (東方Project) [無字]/_016.jpg,(C80) [蒼空市場 (蒼)] 東奔西走ブレイカー (東方Project)/(C80) [蒼空市場 (蒼)] 東奔西走ブレイカー (東方Project) [中国翻訳]/016.jpg,348bf9910171ffd45cb64b0d3e2f608a6e109f3040a5ea0ed1f506c4dd7eb57e,c09409077d4392e6dfcad860567819f1a247329f132d8291a88b9cea74800126,0128d150c541551cdff30eaff6706f4c43f5571fab982d8f99449ade5f0cc65d,"[64, 1063, 1336, 937]","[[1.0, -0.0, 0.0], [0.0, 1.0, 0.0]]",high,masks/work-004-p015-r01.png,a00b282c96e4d3d53cf7d2fc12f60f7875eb032e5f17a4f9c8c4e34d5c201b8d,regions/work-004-p015-r01.png,aligned_jp_textless_difference_candidate_not_ground_truth,,pending,,pending,pending,,
work-004-p015-r02,work-004,8f9e6100a1737338,(C80) [蒼空市場 (蒼)] 東奔西走ブレイカー (東方Project)/(C80) [蒼空市場 (蒼)] 東奔西走ブレイカー (東方Project)/_016.jpg,(C80) [蒼空市場 (蒼)] 東奔西走ブレイカー (東方Project)/(C80) [蒼空市場 (蒼)] 東奔西走ブレイカー (東方Project) [無字]/_016.jpg,(C80) [蒼空市場 (蒼)] 東奔西走ブレイカー (東方Project)/(C80) [蒼空市場 (蒼)] 東奔西走ブレイカー (東方Project) [中国翻訳]/016.jpg,348bf9910171ffd45cb64b0d3e2f608a6e109f3040a5ea0ed1f506c4dd7eb57e,c09409077d4392e6dfcad860567819f1a247329f132d8291a88b9cea74800126,0128d150c541551cdff30eaff6706f4c43f5571fab982d8f99449ade5f0cc65d,"[1142, 537, 115, 123]","[[1.0, -0.0, 0.0], [0.0, 1.0, 0.0]]",high,masks/work-004-p015-r02.png,8246130ddee87bf251429f332fce7dbf153a3773fcecd3710804c2ed03f9db39,regions/work-004-p015-r02.png,aligned_jp_textless_difference_candidate_not_ground_truth,,pending,,pending,pending,,
work-004-p016-r01,work-004,285e78b0d95444e7,(C80) [蒼空市場 (蒼)] 東奔西走ブレイカー (東方Project)/(C80) [蒼空市場 (蒼)] 東奔西走ブレイカー (東方Project)/_021.jpg,(C80) [蒼空市場 (蒼)] 東奔西走ブレイカー (東方Project)/(C80) [蒼空市場 (蒼)] 東奔西走ブレイカー (東方Project) [無字]/_021.jpg,(C80) [蒼空市場 (蒼)] 東奔西走ブレイカー (東方Project)/(C80) [蒼空市場 (蒼)] 東奔西走ブレイカー (東方Project) [中国翻訳]/021.jpg,5e24239455690104fa62f31fea08d8f6e0cb182592d27fd572d21744b42266f9,c9c3627b241968341dbee0904f41d4fb076ecb9de375298a8a20dcb5abe1bbc8,b48c72fee9a871b2fed2d3ca435ac892aa53fda50ae350194ce6260617ae5cbc,"[10, 51, 1337, 511]","[[1.00000319, -5.7e-07, 0.00050882], [5.7e-07, 1.00000319, -0.00280255]]",high,masks/work-004-p016-r01.png,d2ef240191670ef0d39600cedfecfd1b57a31a31698c94b4c4753ac83ced0aab,regions/work-004-p016-r01.png,aligned_jp_textless_difference_candidate_not_ground_truth,,pending,,pending,pending,,
work-004-p016-r02,work-004,285e78b0d95444e7,(C80) [蒼空市場 (蒼)] 東奔西走ブレイカー (東方Project)/(C80) [蒼空市場 (蒼)] 東奔西走ブレイカー (東方Project)/_021.jpg,(C80) [蒼空市場 (蒼)] 東奔西走ブレイカー (東方Project)/(C80) [蒼空市場 (蒼)] 東奔西走ブレイカー (東方Project) [無字]/_021.jpg,(C80) [蒼空市場 (蒼)] 東奔西走ブレイカー (東方Project)/(C80) [蒼空市場 (蒼)] 東奔西走ブレイカー (東方Project) [中国翻訳]/021.jpg,5e24239455690104fa62f31fea08d8f6e0cb182592d27fd572d21744b42266f9,c9c3627b241968341dbee0904f41d4fb076ecb9de375298a8a20dcb5abe1bbc8,b48c72fee9a871b2fed2d3ca435ac892aa53fda50ae350194ce6260617ae5cbc,"[190, 424, 103, 113]","[[1.00000319, -5.7e-07, 0.00050882], [5.7e-07, 1.00000319, -0.00280255]]",high,masks/work-004-p016-r02.png,3372a57ee38ef18c164fbaaab374aa654afd953fb3a8b05af45c6a0acf14ec75,regions/work-004-p016-r02.png,aligned_jp_textless_difference_candidate_not_ground_truth,,pending,,pending,pending,,
work-004-p017-r01,work-004,8db566ef857b5bdb,(C80) [蒼空市場 (蒼)] 東奔西走ブレイカー (東方Project)/(C80) [蒼空市場 (蒼)] 東奔西走ブレイカー (東方Project)/_022.jpg,(C80) [蒼空市場 (蒼)] 東奔西走ブレイカー (東方Project)/(C80) [蒼空市場 (蒼)] 東奔西走ブレイカー (東方Project) [無字]/_022.jpg,(C80) [蒼空市場 (蒼)] 東奔西走ブレイカー (東方Project)/(C80) [蒼空市場 (蒼)] 東奔西走ブレイカー (東方Project) [中国翻訳]/022.jpg,181f6b640ee700ba310e3124296060f33b1172638ff2d05dca89a9bfd78a7485,9fd920880962acc647a0b355e66b42ad19a6e748da54904224ec768aaaa9bcf7,40ea27b402c2b2e4135a30cdc284fdb7d46ea3cc552865c395a61b2287969ce6,"[591, 0, 815, 1019]","[[1.0, -0.0, 0.0], [0.0, 1.0, -0.0]]",high,masks/work-004-p017-r01.png,1fce322e99c7d7a5b3132de33f93af50883283b82c167ef3115163906e2565d8,regions/work-004-p017-r01.png,aligned_jp_textless_difference_candidate_not_ground_truth,,pending,,pending,pending,,
work-004-p017-r02,work-004,8db566ef857b5bdb,(C80) [蒼空市場 (蒼)] 東奔西走ブレイカー (東方Project)/(C80) [蒼空市場 (蒼)] 東奔西走ブレイカー (東方Project)/_022.jpg,(C80) [蒼空市場 (蒼)] 東奔西走ブレイカー (東方Project)/(C80) [蒼空市場 (蒼)] 東奔西走ブレイカー (東方Project) [無字]/_022.jpg,(C80) [蒼空市場 (蒼)] 東奔西走ブレイカー (東方Project)/(C80) [蒼空市場 (蒼)] 東奔西走ブレイカー (東方Project) [中国翻訳]/022.jpg,181f6b640ee700ba310e3124296060f33b1172638ff2d05dca89a9bfd78a7485,9fd920880962acc647a0b355e66b42ad19a6e748da54904224ec768aaaa9bcf7,40ea27b402c2b2e4135a30cdc284fdb7d46ea3cc552865c395a61b2287969ce6,"[763, 485, 110, 117]","[[1.0, -0.0, 0.0], [0.0, 1.0, -0.0]]",high,masks/work-004-p017-r02.png,f411cd71c896a98901f75efd5f0f2a5d649f8514b097d0a4dc61e89ed3af317e,regions/work-004-p017-r02.png,aligned_jp_textless_difference_candidate_not_ground_truth,,pending,,pending,pending,,
work-004-p018-r01,work-004,17c1387027cfeff7,(C80) [蒼空市場 (蒼)] 東奔西走ブレイカー (東方Project)/(C80) [蒼空市場 (蒼)] 東奔西走ブレイカー (東方Project)/_023.jpg,(C80) [蒼空市場 (蒼)] 東奔西走ブレイカー (東方Project)/(C80) [蒼空市場 (蒼)] 東奔西走ブレイカー (東方Project) [無字]/_023.jpg,(C80) [蒼空市場 (蒼)] 東奔西走ブレイカー (東方Project)/(C80) [蒼空市場 (蒼)] 東奔西走ブレイカー (東方Project) [中国翻訳]/023.jpg,a31442650c6f84d5f3f15bf4daf25a109ec968e4728ee73e10a075a7a3502444,0d6781f608d3cc139965e0a7c5e33f1953aa8434f002490a1acb39d9af3bf43c,22b6e20e78024ff90b6185258716388f07bb25071bb2ee9ceafb9f3cafc7ae3d,"[90, 54, 1188, 258]","[[1.0, -0.0, 0.0], [0.0, 1.0, 0.0]]",high,masks/work-004-p018-r01.png,6e439b069d1d4dcdca7478803fc81b996d5698e84753a837715e9227163e64a1,regions/work-004-p018-r01.png,aligned_jp_textless_difference_candidate_not_ground_truth,,pending,,pending,pending,,
work-004-p018-r02,work-004,17c1387027cfeff7,(C80) [蒼空市場 (蒼)] 東奔西走ブレイカー (東方Project)/(C80) [蒼空市場 (蒼)] 東奔西走ブレイカー (東方Project)/_023.jpg,(C80) [蒼空市場 (蒼)] 東奔西走ブレイカー (東方Project)/(C80) [蒼空市場 (蒼)] 東奔西走ブレイカー (東方Project) [無字]/_023.jpg,(C80) [蒼空市場 (蒼)] 東奔西走ブレイカー (東方Project)/(C80) [蒼空市場 (蒼)] 東奔西走ブレイカー (東方Project) [中国翻訳]/023.jpg,a31442650c6f84d5f3f15bf4daf25a109ec968e4728ee73e10a075a7a3502444,0d6781f608d3cc139965e0a7c5e33f1953aa8434f002490a1acb39d9af3bf43c,22b6e20e78024ff90b6185258716388f07bb25071bb2ee9ceafb9f3cafc7ae3d,"[783, 640, 110, 128]","[[1.0, -0.0, 0.0], [0.0, 1.0, 0.0]]",high,masks/work-004-p018-r02.png,30338364d08b38a609927d394082f8b3ee6f32d2bc682ecea166078ea9abcdf9,regions/work-004-p018-r02.png,aligned_jp_textless_difference_candidate_not_ground_truth,,pending,,pending,pending,,
work-004-p019-r01,work-004,84501285f18dbaa1,(C80) [蒼空市場 (蒼)] 東奔西走ブレイカー (東方Project)/(C80) [蒼空市場 (蒼)] 東奔西走ブレイカー (東方Project)/_025.jpg,(C80) [蒼空市場 (蒼)] 東奔西走ブレイカー (東方Project)/(C80) [蒼空市場 (蒼)] 東奔西走ブレイカー (東方Project) [無字]/_025.jpg,(C80) [蒼空市場 (蒼)] 東奔西走ブレイカー (東方Project)/(C80) [蒼空市場 (蒼)] 東奔西走ブレイカー (東方Project) [中国翻訳]/025.jpg,a03314ace71b395bb37901836bde94f600cbdf35bd3a5f96d66077c3ec4bf6c2,348ff221b5c1cccff2325ed0f7637b4a127bd5086828589dd7a8f16a1479fe00,32a332b38bee5dc3d2731da4c5bf20723c45a4e4caa0c8cdc982a34e7de086ce,"[0, 0, 1405, 1050]","[[0.99999673, -6.19e-06, 0.00970515], [6.19e-06, 0.99999673, -0.00707201]]",high,masks/work-004-p019-r01.png,2fe213eb4652b9db834f94099570a38c5d2f1331fe4eb61d7c22f2011239e347,regions/work-004-p019-r01.png,aligned_jp_textless_difference_candidate_not_ground_truth,,pending,,pending,pending,,
work-004-p019-r02,work-004,84501285f18dbaa1,(C80) [蒼空市場 (蒼)] 東奔西走ブレイカー (東方Project)/(C80) [蒼空市場 (蒼)] 東奔西走ブレイカー (東方Project)/_025.jpg,(C80) [蒼空市場 (蒼)] 東奔西走ブレイカー (東方Project)/(C80) [蒼空市場 (蒼)] 東奔西走ブレイカー (東方Project) [無字]/_025.jpg,(C80) [蒼空市場 (蒼)] 東奔西走ブレイカー (東方Project)/(C80) [蒼空市場 (蒼)] 東奔西走ブレイカー (東方Project) [中国翻訳]/025.jpg,a03314ace71b395bb37901836bde94f600cbdf35bd3a5f96d66077c3ec4bf6c2,348ff221b5c1cccff2325ed0f7637b4a127bd5086828589dd7a8f16a1479fe00,32a332b38bee5dc3d2731da4c5bf20723c45a4e4caa0c8cdc982a34e7de086ce,"[667, 1158, 109, 108]","[[0.99999673, -6.19e-06, 0.00970515], [6.19e-06, 0.99999673, -0.00707201]]",high,masks/work-004-p019-r02.png,1df8489a0455745ff72ffcb55c9840692385af0284743945559fe171e1e3c7ba,regions/work-004-p019-r02.png,aligned_jp_textless_difference_candidate_not_ground_truth,,pending,,pending,pending,,
work-004-p020-r01,work-004,c91ff327d4099b69,(C80) [蒼空市場 (蒼)] 東奔西走ブレイカー (東方Project)/(C80) [蒼空市場 (蒼)] 東奔西走ブレイカー (東方Project)/_027.jpg,(C80) [蒼空市場 (蒼)] 東奔西走ブレイカー (東方Project)/(C80) [蒼空市場 (蒼)] 東奔西走ブレイカー (東方Project) [無字]/_027.jpg,(C80) [蒼空市場 (蒼)] 東奔西走ブレイカー (東方Project)/(C80) [蒼空市場 (蒼)] 東奔西走ブレイカー (東方Project) [中国翻訳]/027.jpg,9579120791497a0045a13dea98c32061a46e3c40e26319bd7330b6a2ad0f9d07,e214a98c1131bf76f40efcdd48891fb4e84343561f24867ee348527620524107,8e53276cb3ec11258398580a7fec5105ca09d83c1782c0846ea6e4c25e86a8bc,"[86, 49, 1186, 260]","[[0.99999784, -2.65e-06, 0.00534676], [2.65e-06, 0.99999784, -0.00112099]]",high,masks/work-004-p020-r01.png,aac5ebd0d65ca9ebc137a92441f9b95635fb0226f5257e482f2190e72845a97e,regions/work-004-p020-r01.png,aligned_jp_textless_difference_candidate_not_ground_truth,,pending,,pending,pending,,
work-004-p020-r02,work-004,c91ff327d4099b69,(C80) [蒼空市場 (蒼)] 東奔西走ブレイカー (東方Project)/(C80) [蒼空市場 (蒼)] 東奔西走ブレイカー (東方Project)/_027.jpg,(C80) [蒼空市場 (蒼)] 東奔西走ブレイカー (東方Project)/(C80) [蒼空市場 (蒼)] 東奔西走ブレイカー (東方Project) [無字]/_027.jpg,(C80) [蒼空市場 (蒼)] 東奔西走ブレイカー (東方Project)/(C80) [蒼空市場 (蒼)] 東奔西走ブレイカー (東方Project) [中国翻訳]/027.jpg,9579120791497a0045a13dea98c32061a46e3c40e26319bd7330b6a2ad0f9d07,e214a98c1131bf76f40efcdd48891fb4e84343561f24867ee348527620524107,8e53276cb3ec11258398580a7fec5105ca09d83c1782c0846ea6e4c25e86a8bc,"[1110, 1351, 121, 101]","[[0.99999784, -2.65e-06, 0.00534676], [2.65e-06, 0.99999784, -0.00112099]]",high,masks/work-004-p020-r02.png,4d47c4896e1f722690de155f718eeb374700d1a87b63a1c215686a9035c52594,regions/work-004-p020-r02.png,aligned_jp_textless_difference_candidate_not_ground_truth,,pending,,pending,pending,,
work-004-p021-r01,work-004,414829e3f432702d,(C80) [蒼空市場 (蒼)] 東奔西走ブレイカー (東方Project)/(C80) [蒼空市場 (蒼)] 東奔西走ブレイカー (東方Project)/_029.jpg,(C80) [蒼空市場 (蒼)] 東奔西走ブレイカー (東方Project)/(C80) [蒼空市場 (蒼)] 東奔西走ブレイカー (東方Project) [無字]/_029.jpg,(C80) [蒼空市場 (蒼)] 東奔西走ブレイカー (東方Project)/(C80) [蒼空市場 (蒼)] 東奔西走ブレイカー (東方Project) [中国翻訳]/029.jpg,16395bfbe2893d59585bc564cb1083e634a4dc89ff853f3cdcb28eef86d09efa,6ef972832913eed8eb78c6afe9379340d2b758c59de59f7d7882d2c62afd6a85,3f60ae5a83b9706c31af226d44deb0826a658456881c4e0b4ddbfc6db8fed19d,"[16, 360, 1332, 651]","[[1.00000112, -7e-07, -0.00025601], [7e-07, 1.00000112, -0.00189853]]",high,masks/work-004-p021-r01.png,4e5007ac582ef149e50b7f946e06150b5120683b0d22123a42490a4aacaa247c,regions/work-004-p021-r01.png,aligned_jp_textless_difference_candidate_not_ground_truth,,pending,,pending,pending,,
work-004-p021-r02,work-004,414829e3f432702d,(C80) [蒼空市場 (蒼)] 東奔西走ブレイカー (東方Project)/(C80) [蒼空市場 (蒼)] 東奔西走ブレイカー (東方Project)/_029.jpg,(C80) [蒼空市場 (蒼)] 東奔西走ブレイカー (東方Project)/(C80) [蒼空市場 (蒼)] 東奔西走ブレイカー (東方Project) [無字]/_029.jpg,(C80) [蒼空市場 (蒼)] 東奔西走ブレイカー (東方Project)/(C80) [蒼空市場 (蒼)] 東奔西走ブレイカー (東方Project) [中国翻訳]/029.jpg,16395bfbe2893d59585bc564cb1083e634a4dc89ff853f3cdcb28eef86d09efa,6ef972832913eed8eb78c6afe9379340d2b758c59de59f7d7882d2c62afd6a85,3f60ae5a83b9706c31af226d44deb0826a658456881c4e0b4ddbfc6db8fed19d,"[680, 476, 108, 108]","[[1.00000112, -7e-07, -0.00025601], [7e-07, 1.00000112, -0.00189853]]",high,masks/work-004-p021-r02.png,08123fc41d15d94eea7d5d69fe7ae9ac1fde245a7f74b327ac5d8c53d6be076b,regions/work-004-p021-r02.png,aligned_jp_textless_difference_candidate_not_ground_truth,,pending,,pending,pending,,
work-004-p022-r01,work-004,d7fb76099e0f50bb,(C80) [蒼空市場 (蒼)] 東奔西走ブレイカー (東方Project)/(C80) [蒼空市場 (蒼)] 東奔西走ブレイカー (東方Project)/_032.jpg,(C80) [蒼空市場 (蒼)] 東奔西走ブレイカー (東方Project)/(C80) [蒼空市場 (蒼)] 東奔西走ブレイカー (東方Project) [無字]/_032.jpg,(C80) [蒼空市場 (蒼)] 東奔西走ブレイカー (東方Project)/(C80) [蒼空市場 (蒼)] 東奔西走ブレイカー (東方Project) [中国翻訳]/032.jpg,34f5f75a46cd900c58d7e604593de3e2017ba185f80a7dd97b1d7aa1cbb11564,505ff0acce44ae6187f40f08fff86f885c11d95db52a760c48fb21f4b241464a,0b04f7d5c2910f8e6ded33b5492218d94e6d915ac2184f2b33b158a57ca9d631,"[69, 0, 1337, 1372]","[[1.0, -0.0, 0.0], [0.0, 1.0, 0.0]]",high,masks/work-004-p022-r01.png,7a3c96c052b6631548fea7db0c8235f20dc8fbc6a7997b9e5f7c5edc88b94962,regions/work-004-p022-r01.png,aligned_jp_textless_difference_candidate_not_ground_truth,,pending,,pending,pending,,
work-004-p022-r02,work-004,d7fb76099e0f50bb,(C80) [蒼空市場 (蒼)] 東奔西走ブレイカー (東方Project)/(C80) [蒼空市場 (蒼)] 東奔西走ブレイカー (東方Project)/_032.jpg,(C80) [蒼空市場 (蒼)] 東奔西走ブレイカー (東方Project)/(C80) [蒼空市場 (蒼)] 東奔西走ブレイカー (東方Project) [無字]/_032.jpg,(C80) [蒼空市場 (蒼)] 東奔西走ブレイカー (東方Project)/(C80) [蒼空市場 (蒼)] 東奔西走ブレイカー (東方Project) [中国翻訳]/032.jpg,34f5f75a46cd900c58d7e604593de3e2017ba185f80a7dd97b1d7aa1cbb11564,505ff0acce44ae6187f40f08fff86f885c11d95db52a760c48fb21f4b241464a,0b04f7d5c2910f8e6ded33b5492218d94e6d915ac2184f2b33b158a57ca9d631,"[937, 685, 124, 116]","[[1.0, -0.0, 0.0], [0.0, 1.0, 0.0]]",high,masks/work-004-p022-r02.png,d47a419fe7c0b85911ab7946d41da7e8b2585db11f4c2e73da074cd631c06cfe,regions/work-004-p022-r02.png,aligned_jp_textless_difference_candidate_not_ground_truth,,pending,,pending,pending,,
work-004-p023-r01,work-004,6041e9b19675b97d,(C80) [蒼空市場 (蒼)] 東奔西走ブレイカー (東方Project)/(C80) [蒼空市場 (蒼)] 東奔西走ブレイカー (東方Project)/_034.jpg,(C80) [蒼空市場 (蒼)] 東奔西走ブレイカー (東方Project)/(C80) [蒼空市場 (蒼)] 東奔西走ブレイカー (東方Project) [無字]/_034.jpg,(C80) [蒼空市場 (蒼)] 東奔西走ブレイカー (東方Project)/(C80) [蒼空市場 (蒼)] 東奔西走ブレイカー (東方Project) [中国翻訳]/034.jpg,37417911181945a49c9206bfeec4c1f22edc1e7f9950126c1ee19a4c1b184b5f,24d80c0b1e43ab179a25adc824f75a6504970d5f8a09a52e6c36eda078e61297,5498cd668a5a52ae04e2f55d5245795e4a1b35b9356e6bb3feab600acb02bca8,"[842, 1382, 395, 304]","[[1.0, -0.0, 0.0], [0.0, 1.0, 0.0]]",high,masks/work-004-p023-r01.png,99f71e14601024cc739c1f6df40f0867dc3dfe01697099a2eab98e087bc2b37b,regions/work-004-p023-r01.png,aligned_jp_textless_difference_candidate_not_ground_truth,,pending,,pending,pending,,
work-004-p023-r02,work-004,6041e9b19675b97d,(C80) [蒼空市場 (蒼)] 東奔西走ブレイカー (東方Project)/(C80) [蒼空市場 (蒼)] 東奔西走ブレイカー (東方Project)/_034.jpg,(C80) [蒼空市場 (蒼)] 東奔西走ブレイカー (東方Project)/(C80) [蒼空市場 (蒼)] 東奔西走ブレイカー (東方Project) [無字]/_034.jpg,(C80) [蒼空市場 (蒼)] 東奔西走ブレイカー (東方Project)/(C80) [蒼空市場 (蒼)] 東奔西走ブレイカー (東方Project) [中国翻訳]/034.jpg,37417911181945a49c9206bfeec4c1f22edc1e7f9950126c1ee19a4c1b184b5f,24d80c0b1e43ab179a25adc824f75a6504970d5f8a09a52e6c36eda078e61297,5498cd668a5a52ae04e2f55d5245795e4a1b35b9356e6bb3feab600acb02bca8,"[1280, 470, 103, 101]","[[1.0, -0.0, 0.0], [0.0, 1.0, 0.0]]",high,masks/work-004-p023-r02.png,fd06e76366557af740c5b8fb76765e7f6911f0e18a401ba83529f8799c3fd2bf,regions/work-004-p023-r02.png,aligned_jp_textless_difference_candidate_not_ground_truth,,pending,,pending,pending,,
work-004-p024-r01,work-004,3d16407d3397895c,(C80) [蒼空市場 (蒼)] 東奔西走ブレイカー (東方Project)/(C80) [蒼空市場 (蒼)] 東奔西走ブレイカー (東方Project)/_035.jpg,(C80) [蒼空市場 (蒼)] 東奔西走ブレイカー (東方Project)/(C80) [蒼空市場 (蒼)] 東奔西走ブレイカー (東方Project) [無字]/_035.jpg,(C80) [蒼空市場 (蒼)] 東奔西走ブレイカー (東方Project)/(C80) [蒼空市場 (蒼)] 東奔西走ブレイカー (東方Project) [中国翻訳]/035.jpg,0417176dc61f46bf0d11fa48bce93491f79936e84792229e3e2be877233e9061,4ee6d7ee0305c9bfc58f49e36467e1af273a1eae4fe2b59a25cd86e2b3f4a42f,2823295e17855c11f7d94882e25f6707c953d7863cea25a0b73ab96d8779b51d,"[25, 50, 1236, 472]","[[0.99999443, 8.7e-06, -0.00792987], [-8.7e-06, 0.99999443, 0.00297355]]",high,masks/work-004-p024-r01.png,ca532cc0a500e1ea0db58941129ccecffd92e3ad03bd2de7172d9f0de1b17894,regions/work-004-p024-r01.png,aligned_jp_textless_difference_candidate_not_ground_truth,,pending,,pending,pending,,
work-004-p024-r02,work-004,3d16407d3397895c,(C80) [蒼空市場 (蒼)] 東奔西走ブレイカー (東方Project)/(C80) [蒼空市場 (蒼)] 東奔西走ブレイカー (東方Project)/_035.jpg,(C80) [蒼空市場 (蒼)] 東奔西走ブレイカー (東方Project)/(C80) [蒼空市場 (蒼)] 東奔西走ブレイカー (東方Project) [無字]/_035.jpg,(C80) [蒼空市場 (蒼)] 東奔西走ブレイカー (東方Project)/(C80) [蒼空市場 (蒼)] 東奔西走ブレイカー (東方Project) [中国翻訳]/035.jpg,0417176dc61f46bf0d11fa48bce93491f79936e84792229e3e2be877233e9061,4ee6d7ee0305c9bfc58f49e36467e1af273a1eae4fe2b59a25cd86e2b3f4a42f,2823295e17855c11f7d94882e25f6707c953d7863cea25a0b73ab96d8779b51d,"[1091, 1351, 119, 112]","[[0.99999443, 8.7e-06, -0.00792987], [-8.7e-06, 0.99999443, 0.00297355]]",high,masks/work-004-p024-r02.png,52869c79f661c1d1b876b09cb6d7cfb06a2ffe9c344a40ecebac93f883187aa0,regions/work-004-p024-r02.png,aligned_jp_textless_difference_candidate_not_ground_truth,,pending,,pending,pending,,
